buffers,mode,clients,run,tps,latency_avg
500MB,on,1,1,437.581668,2.285
500MB,on,1,2,239.666687,4.172
500MB,on,1,3,216.745171,4.614
500MB,on,2,1,347.004933,5.764
500MB,on,2,2,349.070720,5.729
500MB,on,2,3,364.131331,5.493
500MB,on,4,1,669.516577,5.974
500MB,on,4,2,532.522587,7.511
500MB,on,4,3,668.772178,5.981
500MB,on,8,1,1130.903039,7.074
500MB,on,8,2,1020.885273,7.836
500MB,on,8,3,1003.814646,7.970
500MB,on,16,1,1522.198309,10.511
500MB,on,16,2,1595.333610,10.029
500MB,on,16,3,1583.491780,10.104
500MB,on,32,1,1936.124262,16.528
500MB,on,32,2,1892.012544,16.913
500MB,on,32,3,1909.016097,16.763
500MB,on,64,1,1922.762459,33.285
500MB,on,64,2,1929.745959,33.165
500MB,on,64,3,1927.933696,33.196
500MB,on,128,1,1929.944738,66.323
500MB,on,128,2,1866.059327,68.594
500MB,on,128,3,1987.109444,64.415
500MB,off,1,1,446.740049,2.238
500MB,off,1,2,332.830538,3.005
500MB,off,1,3,229.347171,4.360
500MB,off,2,1,363.904615,5.496
500MB,off,2,2,362.687542,5.514
500MB,off,2,3,350.897596,5.700
500MB,off,4,1,674.058162,5.934
500MB,off,4,2,675.642691,5.920
500MB,off,4,3,659.412754,6.066
500MB,off,8,1,1132.777489,7.062
500MB,off,8,2,1153.301558,6.937
500MB,off,8,3,1110.430592,7.204
500MB,off,16,1,1563.274211,10.235
500MB,off,16,2,1580.654597,10.122
500MB,off,16,3,1525.135087,10.491
500MB,off,32,1,1892.910029,16.905
500MB,off,32,2,1973.279303,16.217
500MB,off,32,3,1874.747431,17.069
500MB,off,64,1,2038.812054,31.391
500MB,off,64,2,2000.109156,31.998
500MB,off,64,3,2039.656546,31.378
500MB,off,128,1,2055.669808,62.267
500MB,off,128,2,1991.610550,64.270
500MB,off,128,3,2005.101633,63.837
1GB,on,1,1,450.033535,2.222
1GB,on,1,2,268.458863,3.725
1GB,on,1,3,228.559622,4.375
1GB,on,2,1,359.168482,5.568
1GB,on,2,2,359.064650,5.570
1GB,on,2,3,367.181712,5.447
1GB,on,4,1,675.549501,5.921
1GB,on,4,2,661.626298,6.046
1GB,on,4,3,678.374659,5.896
1GB,on,8,1,1152.356546,6.942
1GB,on,8,2,1168.154683,6.848
1GB,on,8,3,963.603873,8.302
1GB,on,16,1,1469.748174,10.886
1GB,on,16,2,1469.196016,10.890
1GB,on,16,3,1319.923023,12.122
1GB,on,32,1,1902.482531,16.820
1GB,on,32,2,1865.088613,17.157
1GB,on,32,3,2025.313654,15.800
1GB,on,64,1,2109.546904,30.338
1GB,on,64,2,1930.122223,33.159
1GB,on,64,3,1457.552877,43.909
1GB,on,128,1,1777.928218,71.994
1GB,on,128,2,1859.437912,68.838
1GB,on,128,3,1574.150247,81.314
1GB,off,1,1,193.902210,5.157
1GB,off,1,2,231.270409,4.324
1GB,off,1,3,232.610146,4.299
1GB,off,2,1,358.954414,5.572
1GB,off,2,2,369.429140,5.414
1GB,off,2,3,358.514051,5.579
1GB,off,4,1,674.654048,5.929
1GB,off,4,2,667.958948,5.988
1GB,off,4,3,672.453148,5.948
1GB,off,8,1,1184.131794,6.756
1GB,off,8,2,1152.943231,6.939
1GB,off,8,3,1203.343163,6.648
1GB,off,16,1,1606.324095,9.961
1GB,off,16,2,1636.377584,9.778
1GB,off,16,3,1604.026726,9.975
1GB,off,32,1,1978.791990,16.171
1GB,off,32,2,2036.908792,15.710
1GB,off,32,3,2050.019380,15.610
1GB,off,64,1,2164.987167,29.561
1GB,off,64,2,2098.765356,30.494
1GB,off,64,3,2095.509804,30.541
1GB,off,128,1,2138.748949,59.848
1GB,off,128,2,2113.203421,60.572
1GB,off,128,3,2095.163757,61.093
